Std_Id,Ex_No,Qus_No,Std_Ans,Std_Score
1,764269,1,3,1
1,764269,2,3,1
1,764269,3,1,1
1,764269,4,3,1
1,764269,5,4,1
1,764269,6,1,1
1,764269,7,2,1
1,764269,8,2,1
1,764269,9,3,1
1,764269,10,2,1
1,764269,11,3,1
1,764269,12,1,1
1,764269,13,2,1
1,764269,14,2,1
1,764269,15,4,1
1,764269,16,2,1
1,764269,17,4,1
1,764269,18,3,1
1,764269,19,2,1
1,764269,20,3,1
2,764269,1,3,1
2,764269,2,4,1
2,764269,3,1,1
2,764269,4,3,1
2,764269,5,4,1
2,764269,6,1,0
2,764269,7,2,0
2,764269,8,2,1
2,764269,9,3,1
2,764269,10,2,0
2,764269,11,3,0
2,764269,12,1,0
2,764269,13,2,0
2,764269,14,2,1
2,764269,15,4,1
2,764269,16,2,0
2,764269,17,4,0
2,764269,18,3,0
2,764269,19,2,0
2,764269,20,3,0
3,764269,1,3,1
3,764269,2,4,1
3,764269,3,1,1
3,764269,4,3,1
3,764269,5,4,1
3,764269,6,1,1
3,764269,7,2,1
3,764269,8,2,0
3,764269,9,3,0
3,764269,10,2,0
3,764269,11,3,0
3,764269,12,1,0
3,764269,13,2,1
3,764269,14,2,1
3,764269,15,4,1
3,764269,16,2,0
3,764269,17,4,0
3,764269,18,3,0
3,764269,19,2,0
3,764269,20,3,0
4,764269,1,3,1
4,764269,2,4,1
4,764269,3,1,1
4,764269,4,3,1
4,764269,5,4,1
4,764269,6,1,0
4,764269,7,2,0
4,764269,8,2,0
4,764269,9,3,0
4,764269,10,2,0
4,764269,11,3,0
4,764269,12,1,0
4,764269,13,2,1
4,764269,14,2,1
4,764269,15,4,1
4,764269,16,2,0
4,764269,17,4,0
4,764269,18,3,0
4,764269,19,2,0
4,764269,20,3,0
5,764269,1,3,1
5,764269,2,4,1
5,764269,3,1,1
5,764269,4,3,1
5,764269,5,4,0
5,764269,6,1,0
5,764269,7,2,0
5,764269,8,2,0
5,764269,9,3,0
5,764269,10,2,1
5,764269,11,3,1
5,764269,12,1,1
5,764269,13,2,1
5,764269,14,2,1
5,764269,15,4,1
5,764269,16,2,0
5,764269,17,4,0
5,764269,18,3,0
5,764269,19,2,0
5,764269,20,3,0
6,764269,1,3,1
6,764269,2,4,1
6,764269,3,1,1
6,764269,4,3,1
6,764269,5,4,1
6,764269,6,1,1
6,764269,7,2,1
6,764269,8,2,1
6,764269,9,3,1
6,764269,10,2,1
6,764269,11,3,1
6,764269,12,1,1
6,764269,13,2,1
6,764269,14,2,1
6,764269,15,4,1
6,764269,16,2,0
6,764269,17,4,0
6,764269,18,3,0
6,764269,19,2,0
6,764269,20,3,0
7,764269,1,3,1
7,764269,2,4,1
7,764269,3,1,1
7,764269,4,3,1
7,764269,5,4,1
7,764269,6,1,1
7,764269,7,2,1
7,764269,8,2,1
7,764269,9,3,1
7,764269,10,2,1
7,764269,11,3,1
7,764269,12,1,1
7,764269,13,2,1
7,764269,14,2,1
7,764269,15,4,1
7,764269,16,2,0
7,764269,17,4,0
7,764269,18,3,0
7,764269,19,2,0
7,764269,20,3,0
8,764269,1,3,1
8,764269,2,4,1
8,764269,3,1,1
8,764269,4,3,1
8,764269,5,4,1
8,764269,6,1,1
8,764269,7,2,1
8,764269,8,2,1
8,764269,9,3,1
8,764269,10,2,1
8,764269,11,3,1
8,764269,12,1,1
8,764269,13,2,1
8,764269,14,2,1
8,764269,15,4,1
8,764269,16,2,0
8,764269,17,4,0
8,764269,18,3,0
8,764269,19,2,0
8,764269,20,3,0
9,764269,1,3,1
9,764269,2,4,1
9,764269,3,1,1
9,764269,4,3,1
9,764269,5,4,1
9,764269,6,1,1
9,764269,7,2,1
9,764269,8,2,1
9,764269,9,3,1
9,764269,10,2,1
9,764269,11,3,1
9,764269,12,1,1
9,764269,13,2,1
9,764269,14,2,1
9,764269,15,4,1
9,764269,16,2,0
9,764269,17,4,0
9,764269,18,3,0
9,764269,19,2,0
9,764269,20,3,0
10,764269,1,3,1
10,764269,2,4,1
10,764269,3,1,1
10,764269,4,3,1
10,764269,5,4,1
10,764269,6,1,1
10,764269,7,2,1
10,764269,8,2,1
10,764269,9,3,1
10,764269,10,2,1
10,764269,11,3,1
10,764269,12,1,1
10,764269,13,2,1
10,764269,14,2,1
10,764269,15,4,1
10,764269,16,2,0
10,764269,17,4,0
10,764269,18,3,0
10,764269,19,2,0
10,764269,20,3,0
11,764269,1,3,1
11,764269,2,4,1
11,764269,3,1,1
11,764269,4,3,1
11,764269,5,4,1
11,764269,6,1,1
11,764269,7,2,1
11,764269,8,2,1
11,764269,9,3,1
11,764269,10,2,1
11,764269,11,3,1
11,764269,12,1,1
11,764269,13,2,1
11,764269,14,2,1
11,764269,15,4,1
11,764269,16,2,0
11,764269,17,4,0
11,764269,18,3,0
11,764269,19,2,0
11,764269,20,3,0
12,764269,1,3,1
12,764269,2,4,1
12,764269,3,1,1
12,764269,4,3,1
12,764269,5,4,1
12,764269,6,1,1
12,764269,7,2,1
12,764269,8,2,1
12,764269,9,3,1
12,764269,10,2,1
12,764269,11,3,1
12,764269,12,1,1
12,764269,13,2,1
12,764269,14,2,1
12,764269,15,4,1
12,764269,16,2,0
12,764269,17,4,0
12,764269,18,3,0
12,764269,19,2,0
12,764269,20,3,0
13,764269,1,3,1
13,764269,2,4,1
13,764269,3,1,1
13,764269,4,3,1
13,764269,5,4,1
13,764269,6,1,1
13,764269,7,2,1
13,764269,8,2,1
13,764269,9,3,1
13,764269,10,2,1
13,764269,11,3,1
13,764269,12,1,1
13,764269,13,2,1
13,764269,14,2,1
13,764269,15,4,1
13,764269,16,2,0
13,764269,17,4,0
13,764269,18,3,0
13,764269,19,2,0
13,764269,20,3,0
14,764269,1,3,1
14,764269,2,4,1
14,764269,3,1,1
14,764269,4,3,1
14,764269,5,4,1
14,764269,6,1,1
14,764269,7,2,1
14,764269,8,2,1
14,764269,9,3,1
14,764269,10,2,1
14,764269,11,3,1
14,764269,12,1,1
14,764269,13,2,1
14,764269,14,2,1
14,764269,15,4,1
14,764269,16,2,1
14,764269,17,4,1
14,764269,18,3,1
14,764269,19,2,1
14,764269,20,3,1
15,764269,1,3,1
15,764269,2,4,1
15,764269,3,1,1
15,764269,4,3,1
15,764269,5,4,1
15,764269,6,1,1
15,764269,7,2,1
15,764269,8,2,1
15,764269,9,3,1
15,764269,10,2,1
15,764269,11,3,1
15,764269,12,1,1
15,764269,13,2,1
15,764269,14,2,1
15,764269,15,4,1
15,764269,16,2,0
15,764269,17,4,0
15,764269,18,3,0
15,764269,19,2,0
15,764269,20,3,0
16,987654,21,1,1
16,987654,22,1,1
16,987654,23,2,1
16,987654,24,2,1
16,987654,25,1,0
16,987654,26,2,0
16,987654,27,1,1
16,987654,28,1,1
16,987654,29,2,1
16,987654,30,1,1
16,987654,31,2,0
16,987654,32,3,0
16,987654,33,1,0
16,987654,34,3,1
16,987654,35,4,1
16,987654,36,3,0
16,987654,37,1,0
16,987654,38,2,0
16,987654,39,1,0
16,987654,40,2,0
17,987654,21,1,1
17,987654,22,1,1
17,987654,23,2,0
17,987654,24,2,0
17,987654,25,1,0
17,987654,26,2,0
17,987654,27,1,0
17,987654,28,1,0
17,987654,29,2,0
17,987654,30,1,1
17,987654,31,2,1
17,987654,32,3,1
17,987654,33,1,1
17,987654,34,3,1
17,987654,35,4,1
17,987654,36,3,0
17,987654,37,1,0
17,987654,38,2,0
17,987654,39,1,0
17,987654,40,2,0
18,987654,21,1,1
18,987654,22,1,1
18,987654,23,2,1
18,987654,24,2,1
18,987654,25,1,1
18,987654,26,2,1
18,987654,27,1,0
18,987654,28,1,0
18,987654,29,2,0
18,987654,30,1,0
18,987654,31,2,1
18,987654,32,3,1
18,987654,33,1,1
18,987654,34,3,1
18,987654,35,4,1
18,987654,36,3,0
18,987654,37,1,0
18,987654,38,2,0
18,987654,39,1,0
18,987654,40,2,0
19,987654,21,1,1
19,987654,22,1,1
19,987654,23,2,1
19,987654,24,2,1
19,987654,25,1,1
19,987654,26,2,1
19,987654,27,1,1
19,987654,28,1,1
19,987654,29,2,1
19,987654,30,1,1
19,987654,31,2,1
19,987654,32,3,1
19,987654,33,1,1
19,987654,34,3,1
19,987654,35,4,1
19,987654,36,3,0
19,987654,37,1,0
19,987654,38,2,0
19,987654,39,1,0
19,987654,40,2,0
20,987654,21,1,1
20,987654,22,1,1
20,987654,23,2,0
20,987654,24,2,0
20,987654,25,1,0
20,987654,26,2,0
20,987654,27,1,0
20,987654,28,1,1
20,987654,29,2,1
20,987654,30,1,1
20,987654,31,2,1
20,987654,32,3,1
20,987654,33,1,1
20,987654,34,3,1
20,987654,35,4,1
20,987654,36,3,0
20,987654,37,1,0
20,987654,38,2,0
20,987654,39,1,0
20,987654,40,2,0
21,987654,21,1,1
21,987654,22,1,1
21,987654,23,2,1
21,987654,24,2,1
21,987654,25,1,1
21,987654,26,2,1
21,987654,27,1,1
21,987654,28,1,1
21,987654,29,2,1
21,987654,30,1,1
21,987654,31,2,1
21,987654,32,3,1
21,987654,33,1,1
21,987654,34,3,1
21,987654,35,4,1
21,987654,36,3,0
21,987654,37,1,0
21,987654,38,2,0
21,987654,39,1,0
21,987654,40,2,0
22,987654,21,1,1
22,987654,22,1,1
22,987654,23,2,1
22,987654,24,2,1
22,987654,25,1,1
22,987654,26,2,1
22,987654,27,1,1
22,987654,28,1,1
22,987654,29,2,1
22,987654,30,1,1
22,987654,31,2,1
22,987654,32,3,1
22,987654,33,1,1
22,987654,34,3,1
22,987654,35,4,1
22,987654,36,3,0
22,987654,37,1,0
22,987654,38,2,0
22,987654,39,1,0
22,987654,40,2,0
23,987654,21,1,1
23,987654,22,1,1
23,987654,23,2,1
23,987654,24,2,0
23,987654,25,1,0
23,987654,26,2,0
23,987654,27,1,0
23,987654,28,1,0
23,987654,29,2,0
23,987654,30,1,1
23,987654,31,2,1
23,987654,32,3,1
23,987654,33,1,1
23,987654,34,3,1
23,987654,35,4,1
23,987654,36,3,0
23,987654,37,1,0
23,987654,38,2,0
23,987654,39,1,0
23,987654,40,2,0
24,987654,21,1,1
24,987654,22,1,0
24,987654,23,2,0
24,987654,24,2,0
24,987654,25,1,0
24,987654,26,2,0
24,987654,27,1,0
24,987654,28,1,0
24,987654,29,2,1
24,987654,30,1,1
24,987654,31,2,1
24,987654,32,3,1
24,987654,33,1,1
24,987654,34,3,1
24,987654,35,4,1
24,987654,36,3,0
24,987654,37,1,0
24,987654,38,2,0
24,987654,39,1,0
24,987654,40,2,0
25,987654,21,1,1
25,987654,22,1,1
25,987654,23,2,1
25,987654,24,2,1
25,987654,25,1,0
25,987654,26,2,0
25,987654,27,1,0
25,987654,28,1,0
25,987654,29,2,0
25,987654,30,1,0
25,987654,31,2,0
25,987654,32,3,1
25,987654,33,1,1
25,987654,34,3,1
25,987654,35,4,1
25,987654,36,3,0
25,987654,37,1,0
25,987654,38,2,0
25,987654,39,1,0
25,987654,40,2,0
26,234567,41,1,1
26,234567,42,1,1
26,234567,43,2,1
26,234567,44,2,1
26,234567,45,1,1
26,234567,46,2,1
26,234567,47,1,1
26,234567,48,1,1
26,234567,49,2,1
26,234567,50,1,1
26,234567,51,2,1
26,234567,52,3,1
26,234567,53,1,1
26,234567,54,3,1
26,234567,55,4,1
26,234567,56,3,0
26,234567,57,1,0
26,234567,58,2,0
26,234567,59,1,0
26,234567,60,2,0
27,234567,41,2,1
27,234567,42,1,1
27,234567,43,1,1
27,234567,44,4,1
27,234567,45,3,1
27,234567,46,2,1
27,234567,47,4,1
27,234567,48,2,1
27,234567,49,4,1
27,234567,50,4,1
27,234567,51,1,1
27,234567,52,4,1
27,234567,53,1,1
27,234567,54,4,1
27,234567,55,1,1
27,234567,56,2,0
27,234567,57,3,0
27,234567,58,2,0
27,234567,59,1,0
27,234567,60,4,0
28,234567,41,2,1
28,234567,42,1,1
28,234567,43,1,1
28,234567,44,4,1
28,234567,45,3,1
28,234567,46,2,1
28,234567,47,4,1
28,234567,48,2,1
28,234567,49,4,1
28,234567,50,4,1
28,234567,51,1,1
28,234567,52,4,1
28,234567,53,1,1
28,234567,54,4,1
28,234567,55,1,1
28,234567,56,2,0
28,234567,57,3,0
28,234567,58,2,0
28,234567,59,1,0
28,234567,60,4,0
29,234567,41,2,1
29,234567,42,1,1
29,234567,43,1,1
29,234567,44,4,1
29,234567,45,3,1
29,234567,46,2,1
29,234567,47,4,1
29,234567,48,2,1
29,234567,49,4,1
29,234567,50,4,1
29,234567,51,1,1
29,234567,52,4,1
29,234567,53,1,1
29,234567,54,4,1
29,234567,55,1,1
29,234567,56,2,0
29,234567,57,3,0
29,234567,58,2,0
29,234567,59,1,0
29,234567,60,4,0
30,234567,41,2,1
30,234567,42,1,1
30,234567,43,1,1
30,234567,44,4,1
30,234567,45,3,1
30,234567,46,2,1
30,234567,47,4,1
30,234567,48,2,1
30,234567,49,4,1
30,234567,50,4,1
30,234567,51,1,1
30,234567,52,4,1
30,234567,53,1,1
30,234567,54,4,1
30,234567,55,1,1
30,234567,56,2,0
30,234567,57,3,0
30,234567,58,2,0
30,234567,59,1,0
30,234567,60,4,0
31,234567,41,2,1
31,234567,42,1,1
31,234567,43,1,1
31,234567,44,4,1
31,234567,45,3,1
31,234567,46,2,1
31,234567,47,4,1
31,234567,48,2,1
31,234567,49,4,1
31,234567,50,4,1
31,234567,51,1,1
31,234567,52,4,1
31,234567,53,1,1
31,234567,54,4,1
31,234567,55,1,1
31,234567,56,2,0
31,234567,57,3,0
31,234567,58,2,0
31,234567,59,1,0
31,234567,60,4,0
32,234567,41,2,1
32,234567,42,1,1
32,234567,43,1,1
32,234567,44,4,1
32,234567,45,3,1
32,234567,46,2,1
32,234567,47,4,1
32,234567,48,2,1
32,234567,49,4,1
32,234567,50,4,1
32,234567,51,1,1
32,234567,52,4,1
32,234567,53,1,1
32,234567,54,4,1
32,234567,55,1,1
32,234567,56,2,0
32,234567,57,3,0
32,234567,58,2,0
32,234567,59,1,0
32,234567,60,4,0
33,234567,41,2,1
33,234567,42,1,1
33,234567,43,1,1
33,234567,44,4,1
33,234567,45,3,1
33,234567,46,2,1
33,234567,47,4,1
33,234567,48,2,1
33,234567,49,4,1
33,234567,50,4,1
33,234567,51,1,1
33,234567,52,4,1
33,234567,53,1,1
33,234567,54,4,1
33,234567,55,1,1
33,234567,56,2,0
33,234567,57,3,0
33,234567,58,2,0
33,234567,59,1,0
33,234567,60,4,0
34,234567,41,2,1
34,234567,42,1,1
34,234567,43,1,1
34,234567,44,4,1
34,234567,45,3,1
34,234567,46,2,1
34,234567,47,4,1
34,234567,48,2,1
34,234567,49,4,1
34,234567,50,4,1
34,234567,51,1,1
34,234567,52,4,1
34,234567,53,1,1
34,234567,54,4,1
34,234567,55,1,1
34,234567,56,2,0
34,234567,57,3,0
34,234567,58,2,0
34,234567,59,1,0
34,234567,60,4,0
35,234567,41,2,1
35,234567,42,1,1
35,234567,43,1,1
35,234567,44,4,1
35,234567,45,3,1
35,234567,46,2,1
35,234567,47,4,1
35,234567,48,2,1
35,234567,49,4,1
35,234567,50,4,1
35,234567,51,1,1
35,234567,52,4,1
35,234567,53,1,1
35,234567,54,4,1
35,234567,55,1,1
35,234567,56,2,0
35,234567,57,3,0
35,234567,58,2,0
35,234567,59,1,0
35,234567,60,4,0
36,876543,61,2,1
36,876543,62,1,1
36,876543,63,1,1
36,876543,64,4,1
36,876543,65,3,1
36,876543,66,2,1
36,876543,67,4,1
36,876543,68,2,1
36,876543,69,4,1
36,876543,70,4,1
36,876543,71,1,1
36,876543,72,4,1
36,876543,73,1,1
36,876543,74,4,1
36,876543,75,1,1
36,876543,76,2,0
36,876543,77,3,0
36,876543,78,2,0
36,876543,79,1,0
36,876543,80,4,0
37,876543,61,1,1
37,876543,62,2,1
37,876543,63,1,1
37,876543,64,1,1
37,876543,65,2,1
37,876543,66,2,1
37,876543,67,2,1
37,876543,68,2,1
37,876543,69,1,1
37,876543,70,2,1
37,876543,71,2,1
37,876543,72,1,1
37,876543,73,2,1
37,876543,74,4,1
37,876543,75,2,1
37,876543,76,3,0
37,876543,77,4,0
37,876543,78,1,0
37,876543,79,2,0
37,876543,80,3,0
38,876543,61,1,1
38,876543,62,2,1
38,876543,63,1,1
38,876543,64,1,1
38,876543,65,2,1
38,876543,66,2,1
38,876543,67,2,1
38,876543,68,2,1
38,876543,69,1,1
38,876543,70,2,1
38,876543,71,2,1
38,876543,72,1,1
38,876543,73,2,1
38,876543,74,4,1
38,876543,75,2,1
38,876543,76,3,0
38,876543,77,4,0
38,876543,78,1,0
38,876543,79,2,0
38,876543,80,3,0
39,876543,61,1,1
39,876543,62,2,1
39,876543,63,1,1
39,876543,64,1,1
39,876543,65,2,1
39,876543,66,2,1
39,876543,67,2,1
39,876543,68,2,1
39,876543,69,1,1
39,876543,70,2,1
39,876543,71,2,1
39,876543,72,1,1
39,876543,73,2,1
39,876543,74,4,1
39,876543,75,2,1
39,876543,76,3,0
39,876543,77,4,0
39,876543,78,1,0
39,876543,79,2,0
39,876543,80,3,0
40,876543,61,1,1
40,876543,62,2,1
40,876543,63,1,1
40,876543,64,1,1
40,876543,65,2,1
40,876543,66,2,1
40,876543,67,2,1
40,876543,68,2,1
40,876543,69,1,1
40,876543,70,2,1
40,876543,71,2,1
40,876543,72,1,1
40,876543,73,2,1
40,876543,74,4,1
40,876543,75,2,1
40,876543,76,3,0
40,876543,77,4,0
40,876543,78,1,0
40,876543,79,2,0
40,876543,80,3,0
41,876543,61,1,1
41,876543,62,2,1
41,876543,63,1,1
41,876543,64,1,1
41,876543,65,2,1
41,876543,66,2,1
41,876543,67,2,1
41,876543,68,2,1
41,876543,69,1,1
41,876543,70,2,1
41,876543,71,2,1
41,876543,72,1,1
41,876543,73,2,1
41,876543,74,4,1
41,876543,75,2,1
41,876543,76,3,0
41,876543,77,4,0
41,876543,78,1,0
41,876543,79,2,0
41,876543,80,3,0
42,876543,61,1,1
42,876543,62,2,1
42,876543,63,1,1
42,876543,64,1,1
42,876543,65,2,1
42,876543,66,2,1
42,876543,67,2,1
42,876543,68,2,1
42,876543,69,1,1
42,876543,70,2,1
42,876543,71,2,1
42,876543,72,1,1
42,876543,73,2,1
42,876543,74,4,1
42,876543,75,2,1
42,876543,76,3,0
42,876543,77,4,0
42,876543,78,1,0
42,876543,79,2,0
42,876543,80,3,0
43,876543,61,1,1
43,876543,62,2,1
43,876543,63,1,1
43,876543,64,1,1
43,876543,65,2,1
43,876543,66,2,1
43,876543,67,2,1
43,876543,68,2,1
43,876543,69,1,1
43,876543,70,2,1
43,876543,71,2,1
43,876543,72,1,1
43,876543,73,2,1
43,876543,74,4,1
43,876543,75,2,1
43,876543,76,3,0
43,876543,77,4,0
43,876543,78,1,0
43,876543,79,2,0
43,876543,80,3,0
44,876543,61,1,1
44,876543,62,2,1
44,876543,63,1,1
44,876543,64,1,1
44,876543,65,2,1
44,876543,66,2,1
44,876543,67,2,1
44,876543,68,2,1
44,876543,69,1,1
44,876543,70,2,1
44,876543,71,2,1
44,876543,72,1,1
44,876543,73,2,1
44,876543,74,4,1
44,876543,75,2,1
44,876543,76,3,0
44,876543,77,4,0
44,876543,78,1,0
44,876543,79,2,0
44,876543,80,3,0
45,876543,61,1,1
45,876543,62,2,1
45,876543,63,1,1
45,876543,64,1,1
45,876543,65,2,1
45,876543,66,2,1
45,876543,67,2,1
45,876543,68,2,1
45,876543,69,1,1
45,876543,70,2,1
45,876543,71,2,1
45,876543,72,1,1
45,876543,73,2,1
45,876543,74,4,1
45,876543,75,2,1
45,876543,76,3,0
45,876543,77,4,0
45,876543,78,1,0
45,876543,79,2,0
45,876543,80,3,0
46,345678,81,1,1
46,345678,82,2,1
46,345678,83,1,1
46,345678,84,1,1
46,345678,85,2,1
46,345678,86,2,1
46,345678,87,2,1
46,345678,88,2,1
46,345678,89,1,1
46,345678,90,2,1
46,345678,91,2,1
46,345678,92,1,1
46,345678,93,2,1
46,345678,94,4,1
46,345678,95,2,1
46,345678,96,3,0
46,345678,97,4,0
46,345678,98,1,0
46,345678,99,2,0
46,345678,100,3,0
47,345678,81,1,1
47,345678,82,2,1
47,345678,83,1,1
47,345678,84,1,1
47,345678,85,2,1
47,345678,86,2,1
47,345678,87,2,1
47,345678,88,1,1
47,345678,89,1,1
47,345678,90,2,1
47,345678,91,3,1
47,345678,92,4,1
47,345678,93,2,1
47,345678,94,1,1
47,345678,95,3,1
47,345678,96,2,0
47,345678,97,4,0
47,345678,98,2,0
47,345678,99,1,0
47,345678,100,2,0
48,345678,81,1,1
48,345678,82,2,1
48,345678,83,1,1
48,345678,84,1,1
48,345678,85,2,1
48,345678,86,2,1
48,345678,87,2,1
48,345678,88,1,1
48,345678,89,1,1
48,345678,90,2,1
48,345678,91,3,1
48,345678,92,4,1
48,345678,93,2,1
48,345678,94,1,1
48,345678,95,3,1
48,345678,96,2,0
48,345678,97,4,0
48,345678,98,2,0
48,345678,99,1,0
48,345678,100,2,0
49,345678,81,1,1
49,345678,82,2,1
49,345678,83,1,1
49,345678,84,1,1
49,345678,85,2,1
49,345678,86,2,1
49,345678,87,2,1
49,345678,88,1,1
49,345678,89,1,1
49,345678,90,2,1
49,345678,91,3,1
49,345678,92,4,1
49,345678,93,2,1
49,345678,94,1,1
49,345678,95,3,1
49,345678,96,2,0
49,345678,97,4,0
49,345678,98,2,0
49,345678,99,1,0
49,345678,100,2,0
50,345678,81,1,1
50,345678,82,2,1
50,345678,83,1,1
50,345678,84,1,1
50,345678,85,2,1
50,345678,86,2,1
50,345678,87,2,1
50,345678,88,1,1
50,345678,89,1,1
50,345678,90,2,1
50,345678,91,3,1
50,345678,92,4,1
50,345678,93,2,1
50,345678,94,1,1
50,345678,95,3,1
50,345678,96,2,0
50,345678,97,4,0
50,345678,98,2,0
50,345678,99,1,0
50,345678,100,2,0
51,345678,81,1,1
51,345678,82,2,1
51,345678,83,1,1
51,345678,84,1,1
51,345678,85,2,1
51,345678,86,2,1
51,345678,87,2,1
51,345678,88,1,1
51,345678,89,1,1
51,345678,90,2,1
51,345678,91,3,1
51,345678,92,4,1
51,345678,93,2,1
51,345678,94,1,1
51,345678,95,3,1
51,345678,96,2,0
51,345678,97,4,0
51,345678,98,2,0
51,345678,99,1,0
51,345678,100,2,0
52,345678,81,1,1
52,345678,82,2,1
52,345678,83,1,1
52,345678,84,1,1
52,345678,85,2,1
52,345678,86,2,1
52,345678,87,2,1
52,345678,88,1,1
52,345678,89,1,1
52,345678,90,2,1
52,345678,91,3,1
52,345678,92,4,1
52,345678,93,2,1
52,345678,94,1,1
52,345678,95,3,1
52,345678,96,2,0
52,345678,97,4,0
52,345678,98,2,0
52,345678,99,1,0
52,345678,100,2,0
53,345678,81,1,1
53,345678,82,2,1
53,345678,83,1,1
53,345678,84,1,1
53,345678,85,2,1
53,345678,86,2,1
53,345678,87,2,1
53,345678,88,1,1
53,345678,89,1,1
53,345678,90,2,1
53,345678,91,3,1
53,345678,92,4,1
53,345678,93,2,1
53,345678,94,1,1
53,345678,95,3,1
53,345678,96,2,0
53,345678,97,4,0
53,345678,98,2,0
53,345678,99,1,0
53,345678,100,2,0
54,345678,81,1,1
54,345678,82,2,1
54,345678,83,1,1
54,345678,84,1,1
54,345678,85,2,1
54,345678,86,2,1
54,345678,87,2,1
54,345678,88,1,1
54,345678,89,1,1
54,345678,90,2,1
54,345678,91,3,1
54,345678,92,4,1
54,345678,93,2,1
54,345678,94,1,1
54,345678,95,3,1
54,345678,96,2,0
54,345678,97,4,0
54,345678,98,2,0
54,345678,99,1,0
54,345678,100,2,0
55,345678,81,1,1
55,345678,82,2,1
55,345678,83,1,1
55,345678,84,1,1
55,345678,85,2,1
55,345678,86,2,1
55,345678,87,2,1
55,345678,88,1,1
55,345678,89,1,1
55,345678,90,2,1
55,345678,91,3,1
55,345678,92,4,1
55,345678,93,2,1
55,345678,94,1,1
55,345678,95,3,1
55,345678,96,2,0
55,345678,97,4,0
55,345678,98,2,0
55,345678,99,1,0
55,345678,100,2,0
56,765432,101,1,1
56,765432,102,2,1
56,765432,103,1,1
56,765432,104,1,1
56,765432,105,2,1
56,765432,106,2,1
56,765432,107,2,1
56,765432,108,1,1
56,765432,109,1,1
56,765432,110,2,1
56,765432,111,3,1
56,765432,112,4,1
56,765432,113,2,1
56,765432,114,1,1
56,765432,115,3,1
56,765432,116,2,0
56,765432,117,4,0
56,765432,118,2,0
56,765432,119,1,0
56,765432,120,2,0
57,765432,101,1,1
57,765432,102,2,1
57,765432,103,1,1
57,765432,104,1,1
57,765432,105,2,1
57,765432,106,2,1
57,765432,107,2,1
57,765432,108,1,1
57,765432,109,1,1
57,765432,110,2,1
57,765432,111,3,1
57,765432,112,4,1
57,765432,113,2,1
57,765432,114,1,1
57,765432,115,3,1
57,765432,116,2,0
57,765432,117,4,0
57,765432,118,2,0
57,765432,119,1,0
57,765432,120,2,0
58,765432,101,2,1
58,765432,102,1,1
58,765432,103,2,1
58,765432,104,2,1
58,765432,105,1,1
58,765432,106,2,1
58,765432,107,1,1
58,765432,108,1,1
58,765432,109,2,1
58,765432,110,1,1
58,765432,111,4,1
58,765432,112,3,1
58,765432,113,3,1
58,765432,114,2,1
58,765432,115,4,1
58,765432,116,1,0
58,765432,117,3,0
58,765432,118,3,0
58,765432,119,2,0
58,765432,120,1,0
59,765432,101,2,1
59,765432,102,1,1
59,765432,103,2,1
59,765432,104,2,1
59,765432,105,1,1
59,765432,106,2,1
59,765432,107,1,1
59,765432,108,1,1
59,765432,109,2,1
59,765432,110,1,1
59,765432,111,4,1
59,765432,112,3,1
59,765432,113,3,1
59,765432,114,2,1
59,765432,115,4,1
59,765432,116,1,0
59,765432,117,3,0
59,765432,118,3,0
59,765432,119,2,0
59,765432,120,1,0
60,765432,101,2,1
60,765432,102,1,1
60,765432,103,2,1
60,765432,104,2,1
60,765432,105,1,1
60,765432,106,2,1
60,765432,107,1,1
60,765432,108,1,1
60,765432,109,2,1
60,765432,110,1,1
60,765432,111,4,1
60,765432,112,3,1
60,765432,113,3,1
60,765432,114,2,1
60,765432,115,4,1
60,765432,116,1,0
60,765432,117,3,0
60,765432,118,3,0
60,765432,119,2,0
60,765432,120,1,0
61,765432,101,2,1
61,765432,102,1,1
61,765432,103,2,1
61,765432,104,2,1
61,765432,105,1,1
61,765432,106,2,1
61,765432,107,1,1
61,765432,108,1,1
61,765432,109,2,1
61,765432,110,1,1
61,765432,111,4,1
61,765432,112,3,1
61,765432,113,3,1
61,765432,114,2,1
61,765432,115,4,1
61,765432,116,1,0
61,765432,117,3,0
61,765432,118,3,0
61,765432,119,2,0
61,765432,120,1,0
62,765432,101,2,1
62,765432,102,1,1
62,765432,103,2,1
62,765432,104,2,1
62,765432,105,1,1
62,765432,106,2,1
62,765432,107,1,1
62,765432,108,1,1
62,765432,109,2,1
62,765432,110,1,1
62,765432,111,4,1
62,765432,112,3,1
62,765432,113,3,1
62,765432,114,2,1
62,765432,115,4,1
62,765432,116,1,0
62,765432,117,3,0
62,765432,118,3,0
62,765432,119,2,0
62,765432,120,1,0
63,765432,101,2,1
63,765432,102,1,1
63,765432,103,2,1
63,765432,104,2,1
63,765432,105,1,1
63,765432,106,2,1
63,765432,107,1,1
63,765432,108,1,1
63,765432,109,2,1
63,765432,110,1,1
63,765432,111,4,1
63,765432,112,3,1
63,765432,113,3,1
63,765432,114,2,1
63,765432,115,4,1
63,765432,116,1,0
63,765432,117,3,0
63,765432,118,3,0
63,765432,119,2,0
63,765432,120,1,0
64,765432,101,2,1
64,765432,102,1,1
64,765432,103,2,1
64,765432,104,2,1
64,765432,105,1,1
64,765432,106,2,1
64,765432,107,1,1
64,765432,108,1,1
64,765432,109,2,1
64,765432,110,1,1
64,765432,111,4,1
64,765432,112,3,1
64,765432,113,3,1
64,765432,114,2,1
64,765432,115,4,1
64,765432,116,1,0
64,765432,117,3,0
64,765432,118,3,0
64,765432,119,2,0
64,765432,120,1,0
65,765432,101,2,1
65,765432,102,1,1
65,765432,103,2,1
65,765432,104,2,1
65,765432,105,1,1
65,765432,106,2,1
65,765432,107,1,1
65,765432,108,1,1
65,765432,109,2,1
65,765432,110,1,1
65,765432,111,4,1
65,765432,112,3,1
65,765432,113,3,1
65,765432,114,2,1
65,765432,115,4,1
65,765432,116,1,0
65,765432,117,3,0
65,765432,118,3,0
65,765432,119,2,0
65,765432,120,1,0
66,456789,121,2,1
66,456789,122,1,1
66,456789,123,2,1
66,456789,124,2,1
66,456789,125,1,1
66,456789,126,2,1
66,456789,127,1,1
66,456789,128,1,1
66,456789,129,2,1
66,456789,130,1,1
66,456789,131,4,1
66,456789,132,3,1
66,456789,133,3,1
66,456789,134,2,1
66,456789,135,4,1
66,456789,136,1,0
66,456789,137,3,0
66,456789,138,3,0
66,456789,139,2,0
66,456789,140,1,0
67,456789,121,2,1
67,456789,122,1,1
67,456789,123,2,1
67,456789,124,2,1
67,456789,125,1,1
67,456789,126,2,1
67,456789,127,1,1
67,456789,128,1,1
67,456789,129,2,1
67,456789,130,1,1
67,456789,131,4,1
67,456789,132,3,1
67,456789,133,3,1
67,456789,134,2,1
67,456789,135,4,1
67,456789,136,1,0
67,456789,137,3,0
67,456789,138,3,0
67,456789,139,2,0
67,456789,140,1,0
68,456789,121,2,1
68,456789,122,3,1
68,456789,123,1,1
68,456789,124,2,1
68,456789,125,4,1
68,456789,126,3,1
68,456789,127,1,1
68,456789,128,2,1
68,456789,129,4,1
68,456789,130,3,1
68,456789,131,2,1
68,456789,132,1,1
68,456789,133,2,1
68,456789,134,2,1
68,456789,135,4,1
68,456789,136,1,0
68,456789,137,3,0
68,456789,138,1,0
68,456789,139,4,0
68,456789,140,3,0
69,456789,121,2,1
69,456789,122,3,1
69,456789,123,1,1
69,456789,124,2,1
69,456789,125,4,1
69,456789,126,3,1
69,456789,127,1,1
69,456789,128,2,1
69,456789,129,4,1
69,456789,130,3,1
69,456789,131,2,1
69,456789,132,1,1
69,456789,133,2,1
69,456789,134,2,1
69,456789,135,4,1
69,456789,136,1,0
69,456789,137,3,0
69,456789,138,1,0
69,456789,139,4,0
69,456789,140,3,0
70,456789,121,2,1
70,456789,122,3,1
70,456789,123,1,1
70,456789,124,2,1
70,456789,125,4,1
70,456789,126,3,1
70,456789,127,1,1
70,456789,128,2,1
70,456789,129,4,1
70,456789,130,3,1
70,456789,131,2,1
70,456789,132,1,1
70,456789,133,2,1
70,456789,134,2,1
70,456789,135,4,1
70,456789,136,1,0
70,456789,137,3,0
70,456789,138,1,0
70,456789,139,4,0
70,456789,140,3,0
71,456789,121,2,1
71,456789,122,3,1
71,456789,123,1,1
71,456789,124,2,1
71,456789,125,4,1
71,456789,126,3,1
71,456789,127,1,1
71,456789,128,2,1
71,456789,129,4,1
71,456789,130,3,1
71,456789,131,2,1
71,456789,132,1,1
71,456789,133,2,1
71,456789,134,2,1
71,456789,135,4,1
71,456789,136,1,0
71,456789,137,3,0
71,456789,138,1,0
71,456789,139,4,0
71,456789,140,3,0
72,456789,121,2,1
72,456789,122,3,1
72,456789,123,1,1
72,456789,124,2,1
72,456789,125,4,1
72,456789,126,3,1
72,456789,127,1,1
72,456789,128,2,1
72,456789,129,4,1
72,456789,130,3,1
72,456789,131,2,1
72,456789,132,1,1
72,456789,133,2,1
72,456789,134,2,1
72,456789,135,4,1
72,456789,136,1,0
72,456789,137,3,0
72,456789,138,1,0
72,456789,139,4,0
72,456789,140,3,0
73,456789,121,2,1
73,456789,122,3,1
73,456789,123,1,1
73,456789,124,2,1
73,456789,125,4,1
73,456789,126,3,1
73,456789,127,1,1
73,456789,128,2,1
73,456789,129,4,1
73,456789,130,3,1
73,456789,131,2,1
73,456789,132,1,1
73,456789,133,2,1
73,456789,134,2,1
73,456789,135,4,1
73,456789,136,1,0
73,456789,137,3,0
73,456789,138,1,0
73,456789,139,4,0
73,456789,140,3,0
74,456789,121,2,1
74,456789,122,3,1
74,456789,123,1,1
74,456789,124,2,1
74,456789,125,4,1
74,456789,126,3,1
74,456789,127,1,1
74,456789,128,2,1
74,456789,129,4,1
74,456789,130,3,1
74,456789,131,2,1
74,456789,132,1,1
74,456789,133,2,1
74,456789,134,2,1
74,456789,135,4,1
74,456789,136,1,0
74,456789,137,3,0
74,456789,138,1,0
74,456789,139,4,0
74,456789,140,3,0
75,456789,121,2,1
75,456789,122,3,1
75,456789,123,1,1
75,456789,124,2,1
75,456789,125,4,1
75,456789,126,3,1
75,456789,127,1,1
75,456789,128,2,1
75,456789,129,4,1
75,456789,130,3,1
75,456789,131,2,1
75,456789,132,1,1
75,456789,133,2,1
75,456789,134,2,1
75,456789,135,4,1
75,456789,136,1,0
75,456789,137,3,0
75,456789,138,1,0
75,456789,139,4,0
75,456789,140,3,0
76,654321,141,2,1
76,654321,142,3,1
76,654321,143,1,1
76,654321,144,2,1
76,654321,145,4,1
76,654321,146,3,1
76,654321,147,1,1
76,654321,148,2,1
76,654321,149,4,1
76,654321,150,3,1
76,654321,151,2,1
76,654321,152,1,1
76,654321,153,2,1
76,654321,154,2,1
76,654321,155,4,1
76,654321,156,1,0
76,654321,157,3,0
76,654321,158,1,0
76,654321,159,4,0
76,654321,160,3,0
77,654321,141,2,1
77,654321,142,3,1
77,654321,143,1,1
77,654321,144,2,1
77,654321,145,4,1
77,654321,146,3,1
77,654321,147,1,1
77,654321,148,2,1
77,654321,149,4,1
77,654321,150,3,1
77,654321,151,2,1
77,654321,152,1,1
77,654321,153,2,1
77,654321,154,2,1
77,654321,155,4,1
77,654321,156,1,0
77,654321,157,3,0
77,654321,158,1,0
77,654321,159,4,0
77,654321,160,3,0
78,654321,141,1,1
78,654321,142,2,1
78,654321,143,3,1
78,654321,144,4,1
78,654321,145,1,1
78,654321,146,2,1
78,654321,147,4,1
78,654321,148,3,1
78,654321,149,2,1
78,654321,150,1,1
78,654321,151,4,1
78,654321,152,3,1
78,654321,153,2,1
78,654321,154,2,1
78,654321,155,1,1
78,654321,156,2,0
78,654321,157,4,0
78,654321,158,3,0
78,654321,159,1,0
78,654321,160,2,0
79,654321,141,1,1
79,654321,142,4,1
79,654321,143,3,1
79,654321,144,2,1
79,654321,145,4,1
79,654321,146,2,1
79,654321,147,1,1
79,654321,148,3,1
79,654321,149,2,1
79,654321,150,2,1
79,654321,151,2,1
79,654321,152,2,1
79,654321,153,1,1
79,654321,154,4,1
79,654321,155,3,1
79,654321,156,2,0
79,654321,157,4,0
79,654321,158,1,0
79,654321,159,3,0
79,654321,160,2,0
80,654321,141,1,1
80,654321,142,4,1
80,654321,143,3,1
80,654321,144,2,1
80,654321,145,4,1
80,654321,146,2,1
80,654321,147,1,1
80,654321,148,3,1
80,654321,149,2,1
80,654321,150,2,1
80,654321,151,2,1
80,654321,152,2,1
80,654321,153,1,1
80,654321,154,4,1
80,654321,155,3,1
80,654321,156,2,0
80,654321,157,4,0
80,654321,158,1,0
80,654321,159,3,0
80,654321,160,2,0
1,654321,141,1,1
1,654321,142,4,1
1,654321,143,3,1
1,654321,144,2,1
1,654321,145,4,1
1,654321,146,2,1
1,654321,147,1,1
1,654321,148,3,1
1,654321,149,2,1
1,654321,150,2,1
1,654321,151,2,1
1,654321,152,2,1
1,654321,153,1,1
1,654321,154,4,1
1,654321,155,3,1
1,654321,156,2,0
1,654321,157,4,0
1,654321,158,1,0
1,654321,159,3,0
1,654321,160,2,0
2,654321,141,1,1
2,654321,142,4,1
2,654321,143,3,1
2,654321,144,2,1
2,654321,145,4,1
2,654321,146,2,1
2,654321,147,1,1
2,654321,148,3,1
2,654321,149,2,1
2,654321,150,2,1
2,654321,151,2,1
2,654321,152,2,1
2,654321,153,1,1
2,654321,154,4,1
2,654321,155,3,1
2,654321,156,2,0
2,654321,157,4,0
2,654321,158,1,0
2,654321,159,3,0
2,654321,160,2,0
3,654321,141,1,1
3,654321,142,4,1
3,654321,143,3,1
3,654321,144,2,1
3,654321,145,4,1
3,654321,146,2,1
3,654321,147,1,1
3,654321,148,3,1
3,654321,149,2,1
3,654321,150,2,1
3,654321,151,2,1
3,654321,152,2,1
3,654321,153,1,1
3,654321,154,4,1
3,654321,155,3,1
3,654321,156,2,0
3,654321,157,4,0
3,654321,158,1,0
3,654321,159,3,0
4,654321,160,2,0
4,654321,141,1,1
4,654321,142,4,1
4,654321,143,3,1
4,654321,144,2,1
4,654321,145,4,1
4,654321,146,2,1
4,654321,147,1,1
4,654321,148,3,1
4,654321,149,2,1
4,654321,150,2,1
4,654321,151,2,1
4,654321,152,2,1
4,654321,153,1,1
4,654321,154,4,1
4,654321,155,3,1
4,654321,156,2,0
4,654321,157,4,0
4,654321,158,1,0
4,654321,159,3,0
5,654321,141,2,0
5,654321,142,1,1
5,654321,143,4,1
5,654321,144,3,1
5,654321,145,2,1
5,654321,146,4,1
5,654321,147,2,1
5,654321,148,1,1
5,654321,149,3,1
5,654321,150,2,1
5,654321,151,2,1
5,654321,152,2,1
5,654321,153,2,1
5,654321,154,1,1
5,654321,155,4,1
5,654321,156,3,1
5,654321,157,2,0
5,654321,158,4,0
5,654321,159,1,0
5,654321,160,3,0
6,567890,161,2,0
6,567890,162,1,1
6,567890,163,4,1
6,567890,164,3,1
6,567890,165,2,1
6,567890,166,4,1
6,567890,167,2,1
6,567890,168,1,1
6,567890,169,3,1
6,567890,170,2,1
6,567890,171,2,1
6,567890,172,2,1
6,567890,173,2,1
6,567890,174,1,1
6,567890,175,4,1
6,567890,176,3,1
6,567890,177,2,0
6,567890,178,4,0
6,567890,179,1,0
6,567890,180,3,0
10,567890,161,2,0
10,567890,162,1,1
10,567890,163,4,1
10,567890,164,3,1
10,567890,165,2,1
10,567890,166,4,1
10,567890,167,2,1
10,567890,168,1,1
10,567890,169,3,1
10,567890,170,2,1
10,567890,171,2,1
10,567890,172,2,1
10,567890,173,2,1
10,567890,174,1,1
10,567890,175,4,1
10,567890,176,3,1
10,567890,177,2,0
10,567890,178,4,0
10,567890,179,1,0
10,567890,180,3,0
30,567890,161,2,0
30,567890,162,1,1
30,567890,163,2,1
30,567890,164,3,1
30,567890,165,1,1
30,567890,166,4,1
30,567890,167,4,1
30,567890,168,1,1
30,567890,169,1,1
30,567890,170,2,1
30,567890,171,3,1
30,567890,172,2,1
30,567890,173,2,1
30,567890,174,1,1
30,567890,175,4,1
30,567890,176,3,1
30,567890,177,4,0
30,567890,178,4,0
30,567890,179,1,0
30,567890,180,3,0
31,567890,161,2,0
31,567890,162,2,1
31,567890,163,1,1
31,567890,164,2,1
31,567890,165,3,1
31,567890,166,1,1
31,567890,167,4,1
31,567890,168,4,1
31,567890,169,1,1
31,567890,170,1,1
31,567890,171,2,1
31,567890,172,3,1
31,567890,173,2,1
31,567890,174,2,1
31,567890,175,1,1
31,567890,176,4,1
31,567890,177,3,0
31,567890,178,4,0
31,567890,179,4,0
31,567890,180,1,0
32,567890,161,3,0
32,567890,162,2,1
32,567890,163,2,1
32,567890,164,1,1
32,567890,165,2,1
32,567890,166,3,1
32,567890,167,1,1
32,567890,168,4,1
32,567890,169,4,1
32,567890,170,1,1
32,567890,171,1,1
32,567890,172,2,1
32,567890,173,3,1
32,567890,174,2,1
32,567890,175,2,1
32,567890,176,1,1
32,567890,177,4,0
32,567890,178,3,0
32,567890,179,4,0
32,567890,180,4,0
55,567890,161,1,0
55,567890,162,2,1
55,567890,163,1,1
55,567890,164,2,1
55,567890,165,3,1
55,567890,166,1,1
55,567890,167,4,1
55,567890,168,4,1
55,567890,169,1,1
55,567890,170,1,1
55,567890,171,2,1
55,567890,172,3,1
55,567890,173,2,1
55,567890,174,2,1
55,567890,175,1,1
55,567890,176,4,1
55,567890,177,3,0
55,567890,178,4,0
55,567890,179,4,0
55,567890,180,1,0
45,567890,161,3,0
45,567890,162,2,1
45,567890,163,2,1
45,567890,164,1,1
45,567890,165,2,1
45,567890,166,3,1
45,567890,167,1,1
45,567890,168,4,1
45,567890,169,4,1
45,567890,170,1,1
45,567890,171,1,1
45,567890,172,2,1
45,567890,173,3,1
45,567890,174,2,1
45,567890,175,2,1
45,567890,176,1,1
45,567890,177,4,0
45,567890,178,3,0
45,567890,179,4,0
45,567890,180,4,0
19,567890,161,1,0
19,567890,162,3,1
19,567890,163,2,1
19,567890,164,2,1
19,567890,165,1,1
19,567890,166,2,1
19,567890,167,3,1
19,567890,168,1,1
19,567890,169,4,1
19,567890,170,4,1
19,567890,171,1,1
19,567890,172,1,1
19,567890,173,2,1
19,567890,174,3,1
19,567890,175,2,1
19,567890,176,2,1
19,567890,177,1,0
19,567890,178,4,0
19,567890,179,3,0
19,567890,180,4,0
14,567890,161,4,0
14,567890,162,1,1
14,567890,163,3,1
14,567890,164,2,1
14,567890,165,2,1
14,567890,166,1,1
14,567890,167,2,1
14,567890,168,3,1
14,567890,169,1,1
14,567890,170,4,1
14,567890,171,4,1
14,567890,172,1,1
14,567890,173,1,1
14,567890,174,2,1
14,567890,175,3,1
14,567890,176,2,1
14,567890,177,2,0
14,567890,178,1,0
14,567890,179,4,0
14,567890,180,3,0
10,987652,181,4,0
10,987652,182,4,1
10,987652,183,1,1
10,987652,184,3,1
10,987652,185,2,1
10,987652,186,2,1
10,987652,187,1,1
10,987652,188,2,1
10,987652,189,3,1
10,987652,190,1,1
10,987652,191,4,1
10,987652,192,4,1
10,987652,193,1,1
10,987652,194,1,1
10,987652,195,2,1
10,987652,196,3,1
10,987652,197,2,0
10,987652,198,2,0
10,987652,199,1,0
10,987652,200,4,0
20,987652,181,3,0
20,987652,182,4,1
20,987652,183,4,1
20,987652,184,1,1
20,987652,185,3,1
20,987652,186,2,1
20,987652,187,2,1
20,987652,188,1,1
20,987652,189,2,1
20,987652,190,3,1
20,987652,191,1,1
20,987652,192,4,1
20,987652,193,4,1
20,987652,194,1,1
20,987652,195,1,1
20,987652,196,2,1
20,987652,197,3,0
20,987652,198,2,0
20,987652,199,2,0
20,987652,200,1,0
30,987652,181,4,0
30,987652,182,3,1
30,987652,183,4,1
30,987652,184,4,1
30,987652,185,1,1
30,987652,186,3,1
30,987652,187,2,1
30,987652,188,2,1
30,987652,189,1,1
30,987652,190,2,1
30,987652,191,3,1
30,987652,192,1,1
30,987652,193,4,1
30,987652,194,4,1
30,987652,195,1,1
30,987652,196,1,1
30,987652,197,2,0
30,987652,198,3,0
30,987652,199,2,0
30,987652,200,2,0
40,987652,181,1,0
40,987652,182,3,1
40,987652,183,4,1
40,987652,184,4,1
40,987652,185,1,1
40,987652,186,3,1
40,987652,187,2,1
40,987652,188,2,1
40,987652,189,1,1
40,987652,190,2,1
40,987652,191,3,1
40,987652,192,1,1
40,987652,193,4,1
40,987652,194,4,1
40,987652,195,1,1
40,987652,196,1,1
40,987652,197,2,1
40,987652,198,3,1
40,987652,199,2,1
40,987652,200,2,1
50,987652,181,1,1
50,987652,182,3,1
50,987652,183,4,1
50,987652,184,4,1
50,987652,185,1,1
50,987652,186,3,1
50,987652,187,2,1
50,987652,188,2,1
50,987652,189,1,1
50,987652,190,2,1
50,987652,191,3,1
50,987652,192,1,1
50,987652,193,4,1
50,987652,194,4,1
50,987652,195,1,1
50,987652,196,1,1
50,987652,197,2,0
50,987652,198,3,0
50,987652,199,2,0
50,987652,200,2,0
60,987652,181,1,0
60,987652,182,3,1
60,987652,183,4,1
60,987652,184,4,1
60,987652,185,1,1
60,987652,186,3,1
60,987652,187,2,1
60,987652,188,2,1
60,987652,189,1,1
60,987652,190,2,1
60,987652,191,3,1
60,987652,192,1,1
60,987652,193,4,1
60,987652,194,4,1
60,987652,195,1,1
60,987652,196,1,1
60,987652,197,2,0
60,987652,198,3,0
60,987652,199,2,0
60,987652,200,2,0
70,987652,181,1,0
70,987652,182,3,1
70,987652,183,4,1
70,987652,184,4,1
70,987652,185,1,1
70,987652,186,3,1
70,987652,187,2,1
70,987652,188,2,1
70,987652,189,1,1
70,987652,190,2,1
70,987652,191,3,1
70,987652,192,1,1
70,987652,193,4,1
70,987652,194,4,1
70,987652,195,1,1
70,987652,196,1,1
70,987652,197,2,0
70,987652,198,3,0
70,987652,199,2,0
70,987652,200,2,0
80,987652,181,1,0
80,987652,182,3,1
80,987652,183,4,1
80,987652,184,4,1
80,987652,185,1,1
80,987652,186,3,1
80,987652,187,2,1
80,987652,188,2,1
80,987652,189,1,1
80,987652,190,2,1
80,987652,191,3,1
80,987652,192,1,1
80,987652,193,4,1
80,987652,194,4,1
80,987652,195,1,1
80,987652,196,1,1
80,987652,197,2,0
80,987652,198,3,0
80,987652,199,2,0
80,987652,200,2,0
23,987652,181,1,0
23,987652,182,3,1
23,987652,183,4,1
23,987652,184,4,1
23,987652,185,1,1
23,987652,186,3,1
23,987652,187,2,1
23,987652,188,2,1
23,987652,189,1,1
23,987652,190,2,1
23,987652,191,3,1
23,987652,192,1,1
23,987652,193,4,1
23,987652,194,4,1
23,987652,195,1,1
23,987652,196,1,1
23,987652,197,2,0
23,987652,198,3,0
23,987652,199,2,0
23,987652,200,2,0
24,987652,181,1,0
24,987652,182,3,1
24,987652,183,4,1
24,987652,184,4,1
24,987652,185,1,1
24,987652,186,3,1
24,987652,187,2,1
24,987652,188,2,1
24,987652,189,1,1
24,987652,190,2,1
24,987652,191,3,1
24,987652,192,1,1
24,987652,193,4,1
24,987652,194,4,1
24,987652,195,1,1
24,987652,196,1,1
24,987652,197,2,0
24,987652,198,3,0
24,987652,199,2,0
24,987652,200,2,0
1,789012,201,1,0
1,789012,202,3,1
1,789012,203,4,1
1,789012,204,4,1
1,789012,205,1,1
1,789012,206,3,1
1,789012,207,2,1
1,789012,208,2,1
1,789012,209,1,1
1,789012,210,2,1
1,789012,211,3,1
1,789012,212,1,1
1,789012,213,4,1
1,789012,214,4,1
1,789012,215,1,1
1,789012,216,1,1
1,789012,217,2,0
1,789012,218,3,0
1,789012,219,2,0
1,789012,220,2,0
2,789012,201,1,0
2,789012,202,3,1
2,789012,203,4,1
2,789012,204,4,1
2,789012,205,1,1
2,789012,206,3,1
2,789012,207,2,1
2,789012,208,2,1
2,789012,209,1,1
2,789012,210,2,1
2,789012,211,3,1
2,789012,212,1,1
2,789012,213,4,1
2,789012,214,4,1
2,789012,215,1,1
2,789012,216,1,1
2,789012,217,2,0
2,789012,218,3,0
2,789012,219,2,0
2,789012,220,2,0
3,789012,201,1,0
3,789012,202,3,1
3,789012,203,4,1
3,789012,204,4,1
3,789012,205,1,1
3,789012,206,3,1
3,789012,207,2,1
3,789012,208,2,1
3,789012,209,1,1
3,789012,210,2,1
3,789012,211,3,1
3,789012,212,1,1
3,789012,213,3,1
3,789012,214,1,1
3,789012,215,1,1
3,789012,216,1,1
3,789012,217,2,1
3,789012,218,3,1
3,789012,219,4,0
3,789012,220,2,1
4,789012,201,1,1
4,789012,202,4,1
4,789012,203,3,1
4,789012,204,1,1
4,789012,205,1,1
4,789012,206,2,1
4,789012,207,3,1
4,789012,208,4,1
4,789012,209,3,1
4,789012,210,2,1
4,789012,211,1,1
4,789012,212,2,1
4,789012,213,3,1
4,789012,214,1,1
4,789012,215,3,1
4,789012,216,2,1
4,789012,217,4,1
4,789012,218,3,1
4,789012,219,2,1
4,789012,220,1,1
5,789012,201,2,1
5,789012,202,1,1
5,789012,203,4,1
5,789012,204,3,1
5,789012,205,1,1
5,789012,206,1,1
5,789012,207,2,1
5,789012,208,3,1
5,789012,209,4,1
5,789012,210,3,1
5,789012,211,2,1
5,789012,212,1,1
5,789012,213,2,1
5,789012,214,3,1
5,789012,215,1,1
5,789012,216,3,1
5,789012,217,2,1
5,789012,218,4,1
5,789012,219,3,1
5,789012,220,2,1
6,789012,201,1,1
6,789012,202,2,1
6,789012,203,1,1
6,789012,204,4,1
6,789012,205,3,1
6,789012,206,1,1
6,789012,207,1,1
6,789012,208,2,1
6,789012,209,3,1
6,789012,210,4,1
6,789012,211,3,1
6,789012,212,2,1
6,789012,213,1,1
6,789012,214,2,1
6,789012,215,3,1
6,789012,216,1,1
6,789012,217,3,1
6,789012,218,2,1
6,789012,219,4,1
6,789012,220,3,1
7,789012,201,2,1
7,789012,202,1,1
7,789012,203,2,1
7,789012,204,1,1
7,789012,205,4,1
7,789012,206,3,1
7,789012,207,1,1
7,789012,208,1,1
7,789012,209,2,1
7,789012,210,3,1
7,789012,211,4,1
7,789012,212,3,1
7,789012,213,2,1
7,789012,214,1,1
7,789012,215,2,1
7,789012,216,3,1
7,789012,217,1,1
7,789012,218,3,1
7,789012,219,2,1
7,789012,220,4,1
8,789012,201,3,1
8,789012,202,2,1
8,789012,203,1,1
8,789012,204,2,1
8,789012,205,1,1
8,789012,206,4,1
8,789012,207,3,1
8,789012,208,1,1
8,789012,209,1,1
8,789012,210,2,1
8,789012,211,3,1
8,789012,212,4,1
8,789012,213,3,1
8,789012,214,2,1
8,789012,215,1,1
8,789012,216,2,1
8,789012,217,3,1
8,789012,218,1,1
8,789012,219,3,1
8,789012,220,2,1
9,789012,201,4,1
9,789012,202,3,1
9,789012,203,2,1
9,789012,204,1,1
9,789012,205,2,1
9,789012,206,1,1
9,789012,207,4,1
9,789012,208,3,1
9,789012,209,1,1
9,789012,210,1,1
9,789012,211,2,1
9,789012,212,3,1
9,789012,213,4,1
9,789012,214,3,1
9,789012,215,2,1
9,789012,216,1,1
9,789012,217,2,1
9,789012,218,3,1
9,789012,219,1,1
9,789012,220,3,1
10,789012,201,2,1
10,789012,202,4,1
10,789012,203,3,1
10,789012,204,2,1
10,789012,205,1,1
10,789012,206,2,1
10,789012,207,1,1
10,789012,208,4,1
10,789012,209,3,1
10,789012,210,1,1
10,789012,211,1,1
10,789012,212,2,1
10,789012,213,3,1
10,789012,214,4,1
10,789012,215,3,1
10,789012,216,2,1
10,789012,217,1,1
10,789012,218,2,1
10,789012,219,3,1
10,789012,220,1,1
11,789012,201,3,1
11,789012,202,2,1
11,789012,203,4,1
11,789012,204,3,1
11,789012,205,2,1
11,789012,206,1,1
11,789012,207,2,1
11,789012,208,1,1
11,789012,209,4,1
11,789012,210,3,1
11,789012,211,1,1
11,789012,212,1,1
11,789012,213,2,1
11,789012,214,3,1
11,789012,215,4,1
11,789012,216,3,1
11,789012,217,2,1
11,789012,218,1,1
11,789012,219,2,1
11,789012,220,3,1
12,789012,201,1,1
12,789012,202,3,1
12,789012,203,2,1
12,789012,204,4,1
12,789012,205,3,1
12,789012,206,2,1
12,789012,207,1,1
12,789012,208,2,1
12,789012,209,1,1
12,789012,210,4,1
12,789012,211,3,1
12,789012,212,1,1
12,789012,213,1,1
12,789012,214,2,1
12,789012,215,3,1
12,789012,216,4,1
12,789012,217,3,1
12,789012,218,2,1
12,789012,219,1,1
12,789012,220,2,1
13,789012,201,3,1
13,789012,202,1,1
13,789012,203,3,1
13,789012,204,2,1
13,789012,205,4,1
13,789012,206,3,1
13,789012,207,2,1
13,789012,208,1,1
13,789012,209,2,1
13,789012,210,1,1
13,789012,211,4,1
13,789012,212,3,1
13,789012,213,1,1
13,789012,214,1,1
13,789012,215,2,1
13,789012,216,3,1
13,789012,217,4,1
13,789012,218,3,1
13,789012,219,2,1
13,789012,220,1,1
14,789012,201,2,1
14,789012,202,3,1
14,789012,203,1,1
14,789012,204,3,1
14,789012,205,2,1
14,789012,206,4,1
14,789012,207,3,1
14,789012,208,2,1
14,789012,209,1,1
14,789012,210,2,1
14,789012,211,1,1
14,789012,212,4,1
14,789012,213,3,1
14,789012,214,1,1
14,789012,215,1,1
14,789012,216,2,1
14,789012,217,3,1
14,789012,218,4,1
14,789012,219,3,1
14,789012,220,2,1
15,789012,201,1,1
15,789012,202,2,1
15,789012,203,3,1
15,789012,204,1,1
15,789012,205,3,1
15,789012,206,2,1
15,789012,207,4,1
15,789012,208,3,1
15,789012,209,2,1
15,789012,210,1,1
15,789012,211,2,1
15,789012,212,1,1
15,789012,213,4,1
15,789012,214,3,1
15,789012,215,1,1
15,789012,216,1,1
15,789012,217,2,1
15,789012,218,3,1
15,789012,219,4,1
15,789012,220,3,1
16,789012,201,2,1
16,789012,202,1,1
16,789012,203,2,1
16,789012,204,3,1
16,789012,205,1,1
16,789012,206,3,1
16,789012,207,2,1
16,789012,208,4,1
16,789012,209,3,1
16,789012,210,2,1
16,789012,211,1,1
16,789012,212,2,1
16,789012,213,1,1
16,789012,214,3,1
16,789012,215,1,1
16,789012,216,2,1
16,789012,217,4,1
16,789012,218,3,1
16,789012,219,1,1
16,789012,220,2,1
17,789012,201,4,1
17,789012,202,1,1
17,789012,203,2,1
17,789012,204,3,1
17,789012,205,1,1
17,789012,206,3,1
17,789012,207,2,1
17,789012,208,4,1
17,789012,209,3,1
17,789012,210,2,1
17,789012,211,1,1
17,789012,212,2,1
17,789012,213,1,1
17,789012,214,3,1
17,789012,215,1,1
17,789012,216,2,1
17,789012,217,4,1
17,789012,218,3,1
17,789012,219,1,1
17,789012,220,2,1
18,789012,201,4,1
18,789012,202,1,1
18,789012,203,2,1
18,789012,204,3,1
18,789012,205,1,1
18,789012,206,3,1
18,789012,207,2,1
18,789012,208,4,1
18,789012,209,3,1
18,789012,210,2,1
18,789012,211,1,1
18,789012,212,2,1
18,789012,213,1,1
18,789012,214,3,1
18,789012,215,1,1
18,789012,216,2,1
18,789012,217,4,1
18,789012,218,3,1
18,789012,219,1,1
18,789012,220,2,1
19,789012,201,4,1
19,789012,202,1,1
19,789012,203,2,1
19,789012,204,3,1
19,789012,205,1,1
19,789012,206,3,1
19,789012,207,2,1
19,789012,208,4,1
19,789012,209,3,1
19,789012,210,2,1
19,789012,211,1,1
19,789012,212,2,1
19,789012,213,1,1
19,789012,214,3,1
19,789012,215,1,1
19,789012,216,2,1
19,789012,217,4,1
19,789012,218,3,1
19,789012,219,1,1
19,789012,220,2,1
20,789012,201,4,1
20,789012,202,1,1
20,789012,203,2,1
20,789012,204,3,1
20,789012,205,1,1
20,789012,206,3,1
20,789012,207,2,1
20,789012,208,4,1
20,789012,209,3,1
20,789012,210,2,1
20,789012,211,1,1
20,789012,212,2,1
20,789012,213,1,1
20,789012,214,3,1
20,789012,215,1,1
20,789012,216,2,1
20,789012,217,4,1
20,789012,218,3,1
20,789012,219,1,1
20,789012,220,2,1
21,789012,201,4,1
21,789012,202,1,1
21,789012,203,2,1
21,789012,204,3,1
21,789012,205,1,1
21,789012,206,3,1
21,789012,207,2,1
21,789012,208,4,1
21,789012,209,3,1
21,789012,210,2,1
21,789012,211,1,1
21,789012,212,2,1
21,789012,213,1,1
21,789012,214,3,1
21,789012,215,1,1
21,789012,216,2,1
21,789012,217,4,1
21,789012,218,3,1
21,789012,219,1,1
21,789012,220,2,1
22,789012,201,4,1
22,789012,202,1,1
22,789012,203,2,1
22,789012,204,3,1
22,789012,205,1,1
22,789012,206,3,1
22,789012,207,2,1
22,789012,208,4,1
22,789012,209,3,1
22,789012,210,2,1
22,789012,211,1,1
22,789012,212,2,1
22,789012,213,1,1
22,789012,214,3,1
22,789012,215,1,1
22,789012,216,2,1
22,789012,217,4,1
22,789012,218,3,1
22,789012,219,1,1
22,789012,220,2,1
23,789012,201,4,1
23,789012,202,1,1
23,789012,203,2,1
23,789012,204,3,1
23,789012,205,1,1
23,789012,206,3,1
23,789012,207,2,1
23,789012,208,4,1
23,789012,209,3,1
23,789012,210,2,1
23,789012,211,1,1
23,789012,212,2,1
23,789012,213,1,1
23,789012,214,3,1
23,789012,215,1,1
23,789012,216,2,1
23,789012,217,4,1
23,789012,218,3,1
23,789012,219,1,1
23,789012,220,2,1
24,789012,201,4,1
24,789012,202,1,1
24,789012,203,2,1
24,789012,204,3,1
24,789012,205,1,1
24,789012,206,3,1
24,789012,207,2,1
24,789012,208,4,1
24,789012,209,3,1
24,789012,210,2,1
24,789012,211,1,1
24,789012,212,2,1
24,789012,213,1,1
24,789012,214,3,1
24,789012,215,1,1
24,789012,216,2,1
24,789012,217,4,1
24,789012,218,3,1
24,789012,219,1,1
24,789012,220,2,1
25,789012,201,4,1
25,789012,202,1,1
25,789012,203,2,1
25,789012,204,3,1
25,789012,205,1,1
25,789012,206,3,1
25,789012,207,2,1
25,789012,208,4,1
25,789012,209,3,1
25,789012,210,2,1
25,789012,211,1,1
25,789012,212,2,1
25,789012,213,1,1
25,789012,214,3,1
25,789012,215,1,1
25,789012,216,2,1
25,789012,217,4,1
25,789012,218,3,1
25,789012,219,1,1
25,789012,220,2,1
26,789012,201,4,1
26,789012,202,1,1
26,789012,203,2,1
26,789012,204,3,1
26,789012,205,1,1
26,789012,206,3,1
26,789012,207,2,1
26,789012,208,4,1
26,789012,209,3,1
26,789012,210,2,1
26,789012,211,1,1
26,789012,212,2,1
26,789012,213,1,1
26,789012,214,3,1
26,789012,215,1,1
26,789012,216,2,1
26,789012,217,4,1
26,789012,218,3,1
26,789012,219,1,1
26,789012,220,2,1
27,789012,201,4,1
27,789012,202,1,1
27,789012,203,2,1
27,789012,204,3,1
27,789012,205,1,1
27,789012,206,3,1
27,789012,207,2,1
27,789012,208,4,1
27,789012,209,3,1
27,789012,210,2,1
27,789012,211,1,1
27,789012,212,2,1
27,789012,213,1,1
27,789012,214,3,1
27,789012,215,1,1
27,789012,216,2,1
27,789012,217,4,1
27,789012,218,3,1
27,789012,219,1,1
27,789012,220,2,1
28,789012,201,4,1
28,789012,202,1,1
28,789012,203,2,1
28,789012,204,3,1
28,789012,205,1,1
28,789012,206,3,1
28,789012,207,2,1
28,789012,208,4,1
28,789012,209,3,1
28,789012,210,2,1
28,789012,211,1,1
28,789012,212,2,1
28,789012,213,1,1
28,789012,214,3,1
28,789012,215,1,1
28,789012,216,2,1
28,789012,217,4,1
28,789012,218,3,1
28,789012,219,1,1
28,789012,220,2,1
29,789012,201,4,1
29,789012,202,1,1
29,789012,203,2,1
29,789012,204,3,1
29,789012,205,1,1
29,789012,206,3,1
29,789012,207,2,1
29,789012,208,4,1
29,789012,209,3,1
29,789012,210,2,1
29,789012,211,1,1
29,789012,212,2,1
29,789012,213,1,1
29,789012,214,3,1
29,789012,215,1,1
29,789012,216,2,1
29,789012,217,4,1
29,789012,218,3,1
29,789012,219,1,1
29,789012,220,2,1
30,789012,201,4,1
30,789012,202,1,1
30,789012,203,2,1
30,789012,204,3,1
30,789012,205,1,1
30,789012,206,3,1
30,789012,207,2,1
30,789012,208,4,1
30,789012,209,3,1
30,789012,210,2,1
30,789012,211,1,1
30,789012,212,2,1
30,789012,213,1,1
30,789012,214,3,1
30,789012,215,1,1
30,789012,216,2,1
30,789012,217,4,1
30,789012,218,3,1
30,789012,219,1,1
30,789012,220,2,1
31,789012,201,4,1
31,789012,202,1,1
31,789012,203,2,1
31,789012,204,3,1
31,789012,205,1,1
31,789012,206,3,1
31,789012,207,2,1
31,789012,208,4,1
31,789012,209,3,1
31,789012,210,2,1
31,789012,211,1,1
31,789012,212,2,1
31,789012,213,1,1
31,789012,214,3,1
31,789012,215,1,1
31,789012,216,2,1
31,789012,217,4,1
31,789012,218,3,1
31,789012,219,1,1
31,789012,220,2,1
32,789012,201,4,1
32,789012,202,1,1
32,789012,203,2,1
32,789012,204,3,1
32,789012,205,1,1
32,789012,206,3,1
32,789012,207,2,1
32,789012,208,4,1
32,789012,209,3,1
32,789012,210,2,1
32,789012,211,1,1
32,789012,212,2,1
32,789012,213,1,1
32,789012,214,3,1
32,789012,215,1,1
32,789012,216,2,1
32,789012,217,4,1
32,789012,218,3,1
32,789012,219,1,1
32,789012,220,2,1
33,789012,201,4,1
33,789012,202,1,1
33,789012,203,2,1
33,789012,204,3,1
33,789012,205,1,1
33,789012,206,3,1
33,789012,207,2,1
33,789012,208,4,1
33,789012,209,3,1
33,789012,210,2,1
33,789012,211,1,1
33,789012,212,2,1
33,789012,213,1,1
33,789012,214,3,1
33,789012,215,1,1
33,789012,216,2,1
33,789012,217,4,1
33,789012,218,3,1
33,789012,219,1,1
33,789012,220,2,1
120,990465,221,4,1
120,990465,222,2,1
120,990465,223,1,1
120,990465,224,1,1
120,990465,225,3,1
120,990465,226,3,1
120,990465,227,2,1
120,990465,228,1,1
120,990465,229,4,1
120,990465,230,1,1
120,990465,231,2,1
120,990465,232,1,1
120,990465,233,2,1
120,990465,234,1,1
120,990465,235,2,1
120,990465,236,4,1
120,990465,237,2,1
120,990465,238,3,1
120,990465,239,4,1
120,990465,240,2,1
120,109024,241,4,1
120,109024,242,2,1
120,109024,243,3,1
120,109024,244,3,1
120,109024,245,4,1
120,109024,246,2,1
120,109024,247,4,1
120,109024,248,2,1
120,109024,249,1,1
120,109024,250,2,1
120,109024,251,1,1
120,109024,252,1,1
120,109024,253,1,1
120,109024,254,1,1
120,109024,255,1,1
120,109024,256,2,1
120,109024,257,2,1
120,109024,258,2,1
120,109024,259,2,1
120,109024,260,2,1
120,119002,261,1,1
120,119002,262,1,1
120,119002,263,3,1
120,119002,264,2,1
120,119002,265,4,1
120,119002,266,1,1
120,119002,267,1,1
120,119002,268,2,1
120,119002,269,1,1
120,119002,270,1,1
120,119002,271,3,1
120,119002,272,2,1
120,119002,273,4,1
120,119002,274,3,1
120,119002,275,1,1
120,119002,276,2,1
120,119002,277,1,1
120,119002,278,1,1
120,119002,279,1,1
120,119002,280,1,1
120,128979,281,1,1
120,128979,282,1,1
120,128979,283,2,0
120,128979,284,4,1
120,128979,285,1,1
120,128979,286,2,1
120,128979,287,1,1
120,128979,288,2,1
120,128979,289,1,1
120,128979,290,1,1
120,128979,291,2,0
120,128979,292,2,0
120,128979,293,4,1
120,128979,294,2,1
120,128979,295,3,1
120,128979,296,2,1
120,128979,297,1,1
120,128979,298,1,1
120,128979,299,2,1
120,128979,300,1,1
